Index,ProblemSize,Threads,Operation,AvgSqTime,AvgParTime,AvgSpeedup
1,1004,22,2,0.0009469999999999999,0.004295,0.22049200000000002
2,1019,11,2,0.0009695000000000001,0.0021595,0.44919299999999995
3,1027,40,2,0.000965,0.0075385,0.12802000000000002
4,1032,45,2,0.000973,0.009406000000000001,0.10384399999999999
5,1037,60,2,0.0009805,0.0426485,0.025595
6,1042,3,2,0.0009905,0.0015075,0.6570130000000001
7,1056,40,2,0.000987,0.0076815,0.1285065
8,1077,6,2,0.001041,0.0016405,0.6349994999999999
9,1086,8,2,0.0010215,0.001686,0.605872
10,1086,36,2,0.0010279999999999998,0.0070244999999999995,0.1464355
11,1095,40,2,0.001046,0.0089395,0.1169995
12,1099,59,2,0.0010409999999999998,0.016027,0.0661345
13,1114,52,2,0.0010505,0.0123705,0.08502
14,1143,11,2,0.001085,0.0021435,0.5066325
15,1151,33,2,0.0010845,0.0064589999999999995,0.167989
16,1239,35,2,0.001166,0.0066875,0.17440250000000002
17,1244,11,2,0.0012425000000000001,0.0067765,0.33544850000000004
18,1245,14,2,0.0011925,0.003009,0.3963415
19,1257,22,2,0.001196,0.004116,0.2906765
20,1285,39,2,0.0012155,0.0073415,0.1655965
21,1297,63,2,0.001212,0.052478500000000004,0.043304
22,1298,39,2,0.0012145,0.007571,0.1604515
23,1311,55,2,0.0013045,0.0121185,0.107688
24,1315,4,2,0.0012575,0.001573,0.7995570000000001
25,1338,38,2,0.001247,0.0076455,0.1635375
26,1338,42,2,0.0012475,0.010016500000000001,0.1262675
27,1341,57,2,0.001262,0.01392,0.09196399999999999
28,1419,14,2,0.001338,0.0028275,0.473721
29,1426,58,2,0.001334,0.012836,0.10402549999999999
30,1496,53,2,0.0014005,0.0142685,0.10444500000000001
31,1510,58,2,0.0014375,0.0146345,0.0982255
32,1513,6,2,0.001465,0.0016925,0.8656029999999999
33,1518,51,2,0.001451,0.0124355,0.117569
34,1521,18,2,0.001445,0.0035855,0.4035065
35,1529,1,2,0.001428,0.0022925000000000003,0.6229169999999999
36,1535,62,2,0.0014494999999999998,0.0461505,0.0343285
37,1545,5,2,0.001464,0.0016985,0.862017
38,1551,33,2,0.00146,0.0062825,0.232403
39,1579,53,2,0.0014780000000000001,0.011432999999999999,0.129339
40,1660,57,2,0.001557,0.012061,0.1290795
41,1705,56,2,0.001604,0.016868,0.100325
42,1706,1,2,0.001645,0.0024575,0.6694465
43,1722,41,2,0.0016135,0.0086555,0.1864675
44,1782,22,2,0.001695,0.004252,0.3986205
45,1783,22,2,0.0016849999999999999,0.0043515,0.3874605
46,1788,30,2,0.001684,0.0059125,0.28479350000000003
47,1796,19,2,0.0017070000000000002,0.0037784999999999997,0.4519285
48,1833,60,2,0.0017209999999999999,0.016793,0.1045005
49,1881,30,2,0.001775,0.005664,0.3134355
50,1937,23,2,0.0018215,0.0044340000000000004,0.41085000000000005
51,1953,2,2,0.0018549999999999999,0.0020495,0.905135
52,1979,21,2,0.0018555,0.004025,0.4611235
53,2039,29,2,0.0019215,0.005541,0.34701099999999996
54,2055,56,2,0.001935,0.016287000000000003,0.119725
55,2057,43,2,0.0019485000000000001,0.0083605,0.233067
56,2065,28,2,0.0019579999999999997,0.005418,0.361521
57,2128,1,2,0.0020165,0.0028745,0.7014395
58,2139,15,2,0.002014,0.002957,0.681176
59,2178,39,2,0.0020515000000000004,0.007490999999999999,0.27392550000000004
60,2204,45,2,0.0020745,0.008990999999999999,0.2316965
61,2217,23,2,0.0020885,0.004510999999999999,0.46315300000000004
62,2234,56,2,0.0020945,0.0119585,0.17564950000000001
63,2339,39,2,0.0021975,0.008449,0.26008549999999997
64,2366,17,2,0.002248,0.003457,0.6513755
65,2389,23,2,0.0022554999999999997,0.00458,0.49249350000000003
66,2411,57,2,0.0022825,0.012957,0.17620550000000001
67,2437,62,2,0.0022835,0.035729,0.074322
68,2449,53,2,0.0022890000000000002,0.014447999999999999,0.167918
69,2453,1,2,0.0023375,0.0031735,0.736435
70,2461,56,2,0.0023095,0.0118995,0.194086
71,2464,19,2,0.002316,0.003874,0.5980654999999999
72,2521,6,2,0.0023905000000000003,0.0018905,1.2649445
73,2523,25,2,0.0023745,0.005011,0.473929
74,2528,49,2,0.0023975,0.010447999999999999,0.2295395
75,2546,51,2,0.002516,0.011176,0.22561399999999998
76,2568,27,2,0.002412,0.005234,0.46101749999999997
77,2577,20,2,0.002441,0.003986,0.612391
78,2651,20,2,0.002489,0.004104,0.6065445
79,2686,32,2,0.0025315,0.0064535,0.393184
80,2701,15,2,0.002546,0.0030955,0.8225665
81,2708,12,2,0.0025515,0.0025599999999999998,0.9995609999999999
82,2715,7,2,0.002563,0.0019315,1.327062
83,2765,64,2,0.002843,0.5638935,0.005042
84,2789,63,2,0.0026385000000000002,0.0250595,0.11835299999999999
85,2793,64,2,0.0027205,0.413523,0.007402499999999999
86,2836,48,2,0.002659,0.010898999999999999,0.2441915
87,2850,2,2,0.0026855,0.002537,1.0586555
88,2867,19,2,0.002707,0.0036755,0.7370270000000001
89,2878,6,2,0.0027340000000000003,0.0019165,1.426715
90,2887,10,2,0.002735,0.0021514999999999998,1.2714455
91,2974,10,2,0.0028,0.002169,1.291071
92,2983,45,2,0.0028095000000000004,0.009402,0.2990255
93,3029,5,2,0.002861,0.0019805,1.4466155
94,3058,25,2,0.002916,0.005077,0.574291
95,3059,13,2,0.0028995,0.0028125,1.0313965
96,3060,62,2,0.002885,0.0225975,0.130545
97,3114,29,2,0.0029495,0.0057225,0.5154695
98,3120,3,2,0.0029695,0.002252,1.3188075000000001
99,3131,13,2,0.0029505,0.0027585,1.0697955000000001
100,3143,63,2,0.00296,0.061131500000000005,0.0662835
101,3174,3,2,0.0029775,0.0022199999999999998,1.341434
102,3244,58,2,0.0030435,0.0127545,0.2386275
103,3249,64,2,0.003205,0.566036,0.0056615
104,3256,26,2,0.0030615,0.0062965,0.5122825
105,3327,21,2,0.003133,0.004234,0.739946
106,3344,1,2,0.003153,0.0040265000000000006,0.782999
107,3417,6,2,0.0031915,0.0020095,1.5880109999999998
108,3462,63,2,0.0032855000000000002,0.045622,0.10848100000000001
109,3466,45,2,0.0033255000000000003,0.0100915,0.32990549999999996
110,3497,59,2,0.003301,0.014089999999999998,0.2344945
111,3645,40,2,0.0034145,0.009105499999999999,0.375021
112,3666,58,2,0.0034575,0.0137835,0.2515465
113,3676,22,2,0.0035285,0.0043945,0.8028435
114,3699,36,2,0.0034655,0.0068975,0.5024200000000001
115,3738,51,2,0.003525,0.0137585,0.26449
116,3756,1,2,0.003545,0.004432,0.7999015
117,3760,51,2,0.0035325,0.0118085,0.29922099999999996
118,3762,14,2,0.003562,0.002934,1.214205
119,3820,9,2,0.0035965,0.002153,1.6701825000000001
120,3849,26,2,0.003606,0.0051815,0.695836
121,3862,21,2,0.0036305,0.004183,0.8683255
122,3906,30,2,0.0036940000000000002,0.0058425000000000005,0.632522
123,3922,2,2,0.003706,0.002988,1.2401909999999998
124,3968,25,2,0.0037324999999999997,0.0050185,0.7436940000000001
125,4083,28,2,0.0038459999999999996,0.005546000000000001,0.693462
126,4228,53,2,0.004011000000000001,0.0117695,0.3408255
127,4272,17,2,0.0040355,0.003415,1.181756
128,4285,62,2,0.00405,0.0282075,0.17282799999999998
129,4315,54,2,0.0041425,0.0130525,0.322753
130,4384,46,2,0.0041605,0.009396999999999999,0.44365849999999996
131,4425,57,2,0.004215,0.012812,0.3293355
132,4437,40,2,0.004201,0.0077585,0.5415025
133,4488,28,2,0.004229500000000001,0.005539,0.7636765
134,4526,48,2,0.0042705,0.009867,0.4328815
135,4581,28,2,0.0043365,0.0056124999999999994,0.7726535
136,4687,19,2,0.0044575,0.003928,1.1347749999999999
137,4734,15,2,0.004478,0.00313,1.430793
138,4748,63,2,0.004512,0.0491255,0.150349
139,4759,23,2,0.004477,0.005256,0.8598755
140,4805,45,2,0.004516,0.011199,0.40923350000000003
141,4925,57,2,0.0046630000000000005,0.014378000000000002,0.33510799999999996
142,5022,6,2,0.0047405,0.002264,2.0935445
143,5094,59,2,0.0049305,0.0219095,0.2498695
144,5275,28,2,0.0049735000000000005,0.006163500000000001,0.814227
145,5703,8,2,0.0054015,0.0023805,2.2689079999999997
146,5725,38,2,0.005399,0.0072775,0.741931
147,5758,58,2,0.00544,0.0150585,0.361796
148,5818,54,2,0.005547,0.0123815,0.45345099999999994
149,5845,62,2,0.0055295,0.026135,0.2128805
150,5940,15,2,0.0055985,0.0034054999999999997,1.6447755000000002
151,6138,9,2,0.00578,0.0025095,2.303297
152,6147,31,2,0.0057985,0.00659,0.8892125
153,6149,30,2,0.0058165000000000005,0.0070869999999999995,0.8231269999999999
154,6358,40,2,0.0060145,0.008424500000000001,0.717354
155,6401,39,2,0.006059500000000001,0.008098000000000001,0.7509795
156,6512,26,2,0.006181000000000001,0.005275500000000001,1.1724435
157,6561,43,2,0.0062105,0.009385999999999999,0.6616485
158,6648,30,2,0.006281500000000001,0.0058945,1.065776
159,6653,1,2,0.0062775,0.007147000000000001,0.87844
160,6758,15,2,0.00632,0.0033355,1.8985995
161,6971,31,2,0.0065715,0.006255,1.0509475
162,7210,58,2,0.006787,0.014549,0.470692
163,7222,6,2,0.006762499999999999,0.002706,2.499552
164,7291,55,2,0.0068485,0.01261,0.5431145
165,7354,48,2,0.006932499999999999,0.0103605,0.669252
166,7481,51,2,0.0070595,0.010741,0.6574755
167,7512,23,2,0.0070935,0.004874,1.455809
168,7517,11,2,0.007058999999999999,0.002765,2.553319
169,7652,22,2,0.007236,0.0046045,1.5716285
170,7663,52,2,0.0072805000000000005,0.0112855,0.6453575
171,7726,14,2,0.0072565,0.003393,2.1428955
172,7756,27,2,0.007307,0.005624499999999999,1.299144
173,7778,39,2,0.007350499999999999,0.007686500000000001,0.956283
174,7817,54,2,0.0074005,0.012845,0.5765629999999999
175,8036,15,2,0.007613999999999999,0.0035735000000000003,2.1347424999999998
176,8153,64,2,0.0076635,0.3740325,0.027947
177,8280,28,2,0.007832,0.005662,1.3849879999999999
178,8280,58,2,0.007824,0.0137235,0.5756075
179,8397,9,2,0.007952500000000001,0.0029145,2.7322615
180,8433,19,2,0.0079165,0.004156999999999999,1.9044685000000001
181,8496,45,2,0.0080085,0.009052500000000002,0.8849215
182,8562,42,2,0.0081035,0.009344000000000002,0.867274
183,8597,59,2,0.008124,0.0139555,0.5821175000000001
184,8650,47,2,0.0081735,0.0096425,0.8515455
185,8678,42,2,0.0082045,0.008845,0.9303224999999999
186,8786,33,2,0.0083125,0.006438,1.2915125
187,8825,21,2,0.008326,0.0044875,1.8556430000000002
188,8903,52,2,0.008358,0.010848,0.7704690000000001
189,8988,4,2,0.0084835,0.0035694999999999998,2.376642
190,8996,13,2,0.0084705,0.003171,2.6715585
191,9014,34,2,0.008487999999999999,0.0066865,1.2695485
192,9254,40,2,0.008722,0.0079095,1.102744
193,9467,2,2,0.008923500000000001,0.0056819999999999996,1.5705525
194,9550,35,2,0.0089685,0.0073455,1.225911
195,9579,13,2,0.0090765,0.003484,2.6136545
196,9755,35,2,0.009218,0.007043000000000001,1.3087725
197,9800,9,2,0.009224,0.0029094999999999998,3.1715169999999997
198,10032,4,2,0.009482500000000001,0.003735,2.5389075
199,10453,10,2,0.009784500000000002,0.0030265,3.2339665
200,10482,55,2,0.010045499999999999,0.0132955,0.7577229999999999
201,10563,16,2,0.009985500000000001,0.003993999999999999,2.5000590000000003
202,10817,12,2,0.0102455,0.0032459999999999998,3.156301
203,10937,61,2,0.010266500000000001,0.0336385,0.430134
204,11065,20,2,0.01042,0.004597,2.266869
205,11075,28,2,0.010453,0.005828,1.7935685000000001
206,11115,53,2,0.010478000000000001,0.013580000000000002,0.7985975000000001
207,11172,19,2,0.010555499999999999,0.0044645,2.36427
208,11197,40,2,0.0105465,0.0084245,1.2623004999999998
209,11379,13,2,0.010687499999999999,0.003733,2.8631409999999997
210,11442,11,2,0.010732499999999999,0.0031374999999999997,3.4206225000000003
211,11769,46,2,0.011032,0.0101825,1.0841745
212,11858,11,2,0.0112325,0.0033495,3.360069
213,11986,57,2,0.0112465,0.012580999999999998,0.894057
214,12055,46,2,0.011358,0.009218500000000001,1.232735
215,12591,18,2,0.011863,0.004451999999999999,2.6671375
216,12654,32,2,0.011914000000000001,0.0064815,1.8384844999999999
217,12712,44,2,0.0119455,0.009247499999999999,1.2927765
218,12743,14,2,0.0119245,0.0041045000000000005,2.9050675000000004
219,12768,23,2,0.012029999999999999,0.0053025,2.2685779999999998
220,13160,41,2,0.012317499999999999,0.008582,1.440709
221,13629,24,2,0.0128145,0.005562,2.305212
222,13983,6,2,0.013055,0.0038824999999999997,3.362588
223,14062,60,2,0.013129,0.0134915,0.9806325
224,14240,42,2,0.013361,0.0091875,1.457423
225,14294,4,2,0.0133665,0.004857500000000001,2.7517785000000003
226,14408,25,2,0.013569,0.005582999999999999,2.431117
227,14412,45,2,0.0135645,0.0104215,1.3314460000000001
228,14421,41,2,0.0135835,0.008257,1.6452995000000001
229,14565,52,2,0.01373,0.011779,1.1659115
230,14825,41,2,0.013979,0.008121,1.7214195
231,14864,36,2,0.014024499999999999,0.0076855,1.8295255
232,15008,34,2,0.014173999999999999,0.0073295,1.93418
233,15014,40,2,0.014148,0.008013,1.7658445
234,15569,41,2,0.0147055,0.0085665,1.7178695
235,15602,26,2,0.014679999999999999,0.006175,2.3772675
236,15604,54,2,0.014636,0.0122565,1.1956069999999999
237,16028,12,2,0.0151215,0.004675,3.2351805000000002
238,16220,25,2,0.015223500000000001,0.0076445,2.0909485
239,16232,62,2,0.0151675,0.016846,0.900459
240,16265,1,2,0.0151575,0.0162185,0.934612
241,16539,21,2,0.0155675,0.00554,2.810218
242,16630,2,2,0.015639,0.009171,1.7053539999999998
243,16898,59,2,0.015922,0.0127405,1.250354
244,16937,6,2,0.016058999999999997,0.004518,3.554467
245,17093,29,2,0.0161395,0.006794,2.379076
246,17365,5,2,0.016322999999999997,0.004949,3.298376
247,17699,1,2,0.016516,0.017669,0.9347605
248,17714,29,2,0.016672,0.007377,2.274399
249,17715,8,2,0.016708,0.0041685,4.0086285
250,18184,20,2,0.017105000000000002,0.0055145,3.102266
251,18755,62,2,0.017863999999999998,0.015773,1.1419665
252,18872,51,2,0.0177735,0.0117565,1.513716
253,18992,45,2,0.017893,0.009840999999999999,1.8182635
254,19321,58,2,0.018221,0.013506,1.349431
255,19389,17,2,0.018328,0.0053325000000000004,3.4375305000000003
256,19807,40,2,0.0186415,0.008456499999999999,2.2043385
257,19862,11,2,0.018802,0.004148000000000001,4.536638
258,19879,13,2,0.0187235,0.0052829999999999995,3.544047
259,19983,31,2,0.0189,0.0070025,2.6990404999999997
260,20231,57,2,0.0196015,0.0132275,1.481751
261,20421,38,2,0.0194175,0.008778500000000002,2.218524
262,20743,40,2,0.019517,0.0089685,2.1837109999999997
263,20807,57,2,0.025488999999999998,0.013004499999999999,1.947968
264,21754,32,2,0.020422500000000003,0.007227000000000001,2.826142
265,21905,58,2,0.020645999999999998,0.016586,1.3058275
266,21952,64,2,0.0208915,0.3674225,0.080309
267,23198,9,2,0.021804,0.004657,4.6847145
268,23727,21,2,0.022282000000000003,0.0062055,3.590762
269,24045,48,2,0.022593000000000002,0.011205,2.0256220000000003
270,25585,64,2,0.024271,0.5441865,0.0446655
271,25832,55,2,0.0244045,0.0139455,1.7586564999999998
272,26357,42,2,0.025203499999999997,0.0099305,2.538055
273,26451,19,2,0.025003,0.0067504999999999996,3.7101575
274,26848,19,2,0.025208500000000002,0.006526,3.862876
275,26882,28,2,0.0252655,0.007292,3.4659345000000004
276,27003,8,2,0.0253815,0.0053335,4.758955
277,27537,4,2,0.025876,0.0082955,3.119394
278,27686,61,2,0.0259425,0.018097500000000002,1.4365109999999999
279,27875,56,2,0.0262245,0.0137965,1.9117570000000002
280,28035,60,2,0.026278500000000003,0.0199545,1.3379085000000002
281,28194,17,2,0.026468,0.0065544999999999996,4.038901
282,28387,10,2,0.026718,0.005098500000000001,5.2404225
283,28614,58,2,0.026816,0.0135695,1.9767204999999999
284,28894,21,2,0.0271765,0.0068885000000000005,3.9452855
285,28983,39,2,0.027306999999999998,0.009119,2.9953380000000003
286,29373,48,2,0.0275615,0.009978,2.7632190000000003
287,29478,33,2,0.0280865,0.008088,3.472759
288,29522,33,2,0.027713500000000002,0.007913,3.502464
289,30499,24,2,0.02858,0.019948,2.4627329999999996
290,30516,52,2,0.0285785,0.011892,2.4040134999999996
291,31616,18,2,0.0296585,0.0077185,3.8793385
292,31835,31,2,0.029896,0.0081245,3.686867
293,31923,9,2,0.0299455,0.0056935,5.260915499999999
294,32258,38,2,0.030262999999999998,0.009073000000000001,3.3361945
295,33639,15,2,0.0315125,0.0072605,4.3409645
296,34036,33,2,0.0318295,0.00843,3.775837
297,34234,47,2,0.0320675,0.0114465,2.8105225000000003
298,35062,30,2,0.0328895,0.007967,4.1282745
299,35094,62,2,0.032848,0.0158615,2.092889
300,35114,17,2,0.032941,0.007376000000000001,4.466068999999999
301,35638,38,2,0.033507499999999996,0.009492500000000001,3.5375745
302,35716,5,2,0.0334965,0.008753,3.826974
303,36556,6,2,0.034246,0.007872,4.3504895
304,36605,2,2,0.0342085,0.018915500000000002,1.8085170000000002
305,36641,45,2,0.0343415,0.009869,3.4797915
306,36719,23,2,0.03447,0.007641500000000001,4.5114035
307,37808,62,2,0.035471,0.0157525,2.257884
308,37947,29,2,0.035665,0.008168,4.366547000000001
309,38204,35,2,0.035814,0.009023,3.9698495
310,38746,36,2,0.036477499999999996,0.0091335,3.9951265
311,38995,56,2,0.0365355,0.0144725,2.552524
312,39070,8,2,0.0366535,0.007064,5.18987
313,40336,58,2,0.0377635,0.0170645,2.2555545
314,40927,53,2,0.0383395,0.0126535,3.0334440000000003
315,41126,14,2,0.038544999999999996,0.008558,4.5039625
316,41952,16,2,0.0394265,0.008425,4.67984
317,42010,51,2,0.039331000000000005,0.012205,3.223755
318,42335,4,2,0.0395785,0.012035500000000001,3.289184
319,42823,40,2,0.0402135,0.010319499999999999,3.8972610000000003
320,43875,52,2,0.0413715,0.012826500000000001,3.2256285
321,44288,18,2,0.0415355,0.00841,4.938891
322,44320,21,2,0.041597999999999996,0.011504,3.9029525
323,44576,26,2,0.041643,0.008491499999999999,4.904450000000001
324,44693,60,2,0.0421165,0.0201435,2.106369
325,45113,31,2,0.0423585,0.0091545,4.6352865
326,45262,2,2,0.042448,0.022988,1.8465405000000001
327,45532,24,2,0.0425595,0.008539000000000001,4.9845685
328,46012,33,2,0.0430515,0.0091865,4.686513
329,46622,14,2,0.043655,0.0080295,5.6201375
330,46884,58,2,0.0438155,0.0143905,3.0526530000000003
331,47608,47,2,0.0445275,0.011337,3.92992
332,47723,40,2,0.044668,0.010831,4.124442999999999
333,47816,63,2,0.0447095,0.0259555,1.8832164999999998
334,47965,40,2,0.044842999999999994,0.010225,4.3861585000000005
335,48110,56,2,0.045115,0.015746,2.92841
336,48915,41,2,0.0469645,0.020741000000000002,2.8041695
337,49377,50,2,0.0464185,0.012681000000000001,3.661188
338,49926,21,2,0.0468535,0.008983999999999999,5.215346500000001
339,49935,30,2,0.046982499999999996,0.0105305,4.5282275
340,50383,43,2,0.0470475,0.0109085,4.3128655
341,50949,14,2,0.047574000000000005,0.010001,4.757006499999999
342,51006,43,2,0.047658,0.011165999999999999,4.278198
343,51550,38,2,0.048303,0.010668500000000001,4.534559
344,53043,54,2,0.04957,0.0140055,3.5393695000000003
345,53274,35,2,0.049737500000000004,0.0098655,5.041798
346,53436,21,2,0.049852,0.009458999999999999,5.2710585000000005
347,54219,14,2,0.050693,0.010603000000000001,4.7817765
348,54506,64,2,0.0515795,0.5592015,0.0922695
349,54910,15,2,0.051348,0.010291999999999999,4.9890755
350,55841,29,2,0.052273,0.0101835,5.141563
351,55848,40,2,0.052282499999999996,0.011078500000000002,4.722753
352,56075,7,2,0.0524275,0.01013,5.1754815
353,57351,11,2,0.053626999999999994,0.0079815,6.718801
354,57851,49,2,0.055754,0.012516,4.4537580000000005
355,59222,53,2,0.055423,0.014639,3.787395
356,59257,22,2,0.0553465,0.010043,5.511256
357,60136,57,2,0.0565395,0.017356,3.259099
358,60284,5,2,0.0563055,0.014997,3.7806865
359,60966,17,2,0.057023000000000004,0.010616,5.371639999999999
360,61065,38,2,0.057042999999999996,0.010891499999999998,5.2384485
361,62675,1,2,0.058457999999999996,0.059997,0.974352
362,65922,38,2,0.061629,0.0109945,5.605387
363,66238,13,2,0.061859,0.013000000000000001,4.758452
364,66260,5,2,0.061858,0.014948,4.1384505
365,66927,41,2,0.0627875,0.015894,4.0866785
366,67341,39,2,0.06301000000000001,0.011252,5.6003795
367,67366,1,2,0.06299850000000001,0.06449650000000001,0.9767915
368,68109,45,2,0.06368499999999999,0.014296,4.496248
369,68449,1,2,0.063807,0.06571850000000001,0.9709099999999999
370,69580,32,2,0.0649755,0.011005000000000001,5.904693
371,70054,27,2,0.06550249999999999,0.010905999999999999,6.0062035
372,70348,29,2,0.065711,0.0114405,5.751973
373,70958,59,2,0.06651599999999999,0.026186,2.9949035
374,71009,39,2,0.0663745,0.012043499999999999,5.529847
375,72716,59,2,0.068039,0.018415,3.7318835000000004
376,73293,2,2,0.068636,0.0366825,1.871168
377,74112,57,2,0.069636,0.0210585,3.429271
378,75082,35,2,0.0700255,0.0114555,6.1127755
379,75809,1,2,0.070657,0.07242799999999999,0.9755475
380,77215,56,2,0.0723185,0.015021,4.8163
381,78042,25,2,0.072919,0.011466500000000001,6.359341499999999
382,80475,60,2,0.0751445,0.032406000000000004,2.319305
383,81052,44,2,0.07571649999999999,0.012403500000000001,6.1050975
384,82793,29,2,0.07762849999999999,0.0121885,6.381599
385,83186,19,2,0.0790825,0.013054,6.0601215
386,83291,62,2,0.077944,0.031898499999999996,2.4437815
387,83821,63,2,0.078623,0.0852045,1.1217994999999998
388,83856,23,2,0.0784135,0.012282999999999999,6.383831
389,85532,58,2,0.08007349999999999,0.0187785,4.267547
390,85982,1,2,0.08019899999999999,0.0827015,0.969745
391,86252,9,2,0.0809565,0.0122675,6.599329
392,86912,9,2,0.081315,0.0122705,6.6267215
393,87926,2,2,0.0820905,0.0435715,1.884045
394,89070,52,2,0.083464,0.0151485,5.5170010000000005
395,92036,53,2,0.0860635,0.015658,5.5077134999999995
396,94897,33,2,0.0889315,0.013353,6.675382
397,95440,60,2,0.0893265,0.017228,5.204573
398,98947,1,2,0.092625,0.101634,0.9158204999999999
399,101144,18,2,0.094969,0.0151515,6.268038000000001
400,102267,24,2,0.0957205,0.0137905,6.941069000000001
401,103336,44,2,0.09694349999999999,0.0139545,6.947734
402,104844,60,2,0.0985545,0.0236225,4.1917525
403,104971,5,2,0.09856400000000001,0.022618,4.357749500000001
404,106902,31,2,0.10022149999999999,0.0157895,6.3727754999999995
405,107604,36,2,0.1008355,0.0135715,7.430088
406,108181,17,2,0.1033255,0.018749500000000002,5.5666415
407,109238,17,2,0.102775,0.016802499999999998,6.117103
408,110279,21,2,0.1032575,0.015264,6.764972
409,116634,28,2,0.1096105,0.014641999999999999,7.4859805
410,116689,31,2,0.1098755,0.0145305,7.561745999999999
411,117129,33,2,0.110155,0.0144725,7.6114985
412,121143,37,2,0.1140455,0.0150335,7.5894015
413,122737,33,2,0.1159,0.024309,5.5638755
414,123602,45,2,0.1166905,0.016287,7.165178
415,123792,53,2,0.11683750000000001,0.0166905,7.0101315
416,124384,42,2,0.1192,0.0151135,7.886942
417,128640,47,2,0.1218815,0.0164615,7.4049890000000005
418,129187,31,2,0.12182799999999999,0.0173185,7.12948
419,130291,22,2,0.12297949999999999,0.035509,3.8315245
420,135532,4,2,0.128511,0.035529500000000006,3.6170095
421,138924,5,2,0.131733,0.0330105,4.032516
422,139599,29,2,0.132336,0.0167455,7.9029775
423,140491,2,2,0.1328145,0.06879550000000001,1.930574
424,140742,44,2,0.133388,0.016392999999999998,8.1375685
425,140764,50,2,0.133805,0.042634000000000005,4.6644645
426,143436,8,2,0.136192,0.0212545,6.4084015
427,143576,25,2,0.1360165,0.017698,7.685753500000001
428,143879,31,2,0.1367315,0.017525,7.8267415
429,144869,64,2,0.1388675,0.5272844999999999,0.2649045
430,146338,44,2,0.13879550000000002,0.016909,8.2182315
431,147642,39,2,0.13976349999999998,0.016478,8.482787
432,154150,52,2,0.146333,0.018214,8.034062500000001
433,155042,3,2,0.1481805,0.0516655,2.86807
434,159320,17,2,0.15200550000000002,0.023411,6.4930769999999995
435,160773,60,2,0.15355950000000002,0.048777999999999995,4.323374
436,162368,31,2,0.154376,0.018105,8.526731
437,163061,40,2,0.155363,0.017913,8.677384
438,163293,28,2,0.1552065,0.0190115,8.1658815
439,163817,2,2,0.15603650000000002,0.0813875,1.9172715
440,169486,40,2,0.1615205,0.0179835,8.9821335
441,171258,42,2,0.1634935,0.018715500000000003,8.743841
442,172817,58,2,0.164416,0.020987,7.8354805
443,173257,48,2,0.16484500000000002,0.0193375,8.524521499999999
444,174058,27,2,0.165719,0.020084499999999998,8.251894499999999
445,178435,43,2,0.16998449999999998,0.019595,8.675046
446,180554,17,2,0.172065,0.025966,6.6265915
447,183499,38,2,0.174805,0.019182499999999998,9.1136205
448,184595,30,2,0.175867,0.020399,8.623122
449,188379,59,2,0.179643,0.039968500000000004,4.5014225
450,192026,52,2,0.1834825,0.02169,8.506108000000001
451,193615,11,2,0.1863375,0.028263999999999997,6.915729000000001
452,199431,51,2,0.190118,0.022397,8.5223455
453,201779,21,2,0.192955,0.030785,6.46828
454,203011,23,2,0.193493,0.024023000000000003,8.0545305
455,204948,37,2,0.1952805,0.0204255,9.560766999999998
456,205204,34,2,0.198058,0.0209015,9.4762235
457,207925,45,2,0.21509099999999998,0.0210925,10.1812065
458,208028,31,2,0.19803199999999999,0.0216615,9.142057999999999
459,209090,33,2,0.19949250000000002,0.021678,9.206571
460,209982,38,2,0.200072,0.020833,9.6043395
461,212528,42,2,0.208451,0.021401,9.74567
462,218484,27,2,0.208602,0.025295,8.270023
463,220431,35,2,0.20998299999999998,0.0218775,9.5981885
464,224772,10,2,0.214143,0.027354999999999997,7.8285215
465,227174,10,2,0.2371305,0.0276395,8.5728305
466,228536,48,2,0.217963,0.0211315,10.3149455
467,237675,2,2,0.22637849999999998,0.117311,1.9297369999999998
468,239977,35,2,0.247274,0.02323,10.639807000000001
469,247353,35,2,0.2363085,0.023634500000000003,9.999213000000001
470,248208,18,2,0.23668,0.032741,7.2289365
471,253350,5,2,0.2410065,0.0533,4.5217895
472,255693,31,2,0.2440855,0.0262325,9.314479
473,259737,33,2,0.24729800000000002,0.0251775,9.822173
474,260429,13,2,0.2483145,0.04059,6.157443499999999
475,266529,46,2,0.255309,0.024045999999999998,10.619278000000001
476,274606,53,2,0.2620935,0.025017499999999998,10.491218
477,274866,26,2,0.2637745,0.029286,9.006951
478,282718,4,2,0.269922,0.071715,3.7639835
479,288729,30,2,0.2754755,0.028576999999999998,9.640554
480,291463,41,2,0.2779445,0.029189,9.638071
481,295857,35,2,0.28964100000000004,0.0317295,9.235662999999999
482,297870,19,2,0.290607,0.036388500000000004,8.0067965
483,308756,58,2,0.2949425,0.030829000000000002,9.567505
484,309930,30,2,0.2948675,0.030447500000000002,9.686543499999999
485,314238,22,2,0.29880249999999997,0.0359345,8.315843000000001
486,315642,11,2,0.305616,0.0322275,9.4831015
487,320793,40,2,0.306314,0.0267205,11.472984
488,324627,45,2,0.308591,0.025771,11.9812455
489,326475,59,2,0.3122385,0.0604875,6.6014029999999995
490,335682,49,2,0.321987,0.02894,11.1296015
491,336950,43,2,0.32155100000000003,0.0287935,11.1680915
492,340395,9,2,0.322424,0.042839,7.5265265
493,343039,30,2,0.327993,0.035397,9.3273755
494,345745,33,2,0.32965999999999995,0.0317,10.3991995
495,347545,9,2,0.3309065,0.0440685,7.508943
496,351293,55,2,0.334318,0.029789999999999997,11.222401
497,358354,52,2,0.3406255,0.0299195,11.385597
498,361848,27,2,0.3502825,0.036768499999999996,9.52679
499,364472,27,2,0.3467185,0.0362855,9.555332499999999
500,368240,2,2,0.3506275,0.20858100000000002,1.703946
501,370665,6,2,0.352476,0.063773,5.527029000000001
502,373675,17,2,0.359416,0.0447945,8.0352465
503,374334,46,2,0.3562555,0.028453,12.5234725
504,387229,2,2,0.368259,0.190833,1.9297434999999998
505,389170,64,2,0.3732255,0.5200365,0.7182735
506,393508,30,2,0.376998,0.045568,8.446594000000001
507,398752,27,2,0.3827465,0.042942999999999995,8.9723165
508,403701,51,2,0.38571350000000004,0.0346335,11.224233000000002
509,409783,13,2,0.39084949999999996,0.048652,8.384132000000001
510,416056,58,2,0.3956555,0.0328375,12.049564499999999
511,418152,48,2,0.399523,0.0321625,12.423374500000001
512,422762,18,2,0.402278,0.045826500000000006,8.825942
513,427707,37,2,0.421133,0.034147,12.339591
514,428063,3,2,0.41225049999999996,0.14824700000000002,2.785564
515,433567,30,2,0.411835,0.0381305,10.8010185
516,436153,12,2,0.4163605,0.057662500000000005,7.244752
517,441305,36,2,0.43850500000000003,0.0356965,12.2848705
518,447674,32,2,0.4260175,0.037717,11.295282
519,460995,48,2,0.439272,0.0349655,12.563178
520,462003,45,2,0.439047,0.035456,12.382906
521,462574,59,2,0.44393499999999997,0.0383655,11.6611565
522,462656,4,2,0.45375299999999996,0.119449,3.7990795
523,472532,25,2,0.45019299999999995,0.0458485,9.819139499999999
524,487851,12,2,0.4648765,0.0605925,7.6722365
525,495753,27,2,0.4744775,0.046295,10.2494155
526,496482,28,2,0.48673849999999996,0.0452605,10.752773999999999
527,502128,36,2,0.4787985,0.0402035,11.9103755
528,508320,63,2,0.5069735,0.04524,11.204454
529,513845,18,2,0.490018,0.0531915,9.241741999999999
530,517082,10,2,0.49518799999999996,0.057856,8.5590335
531,517417,23,2,0.4934895,0.053453,9.233455
532,526182,35,2,0.5017609999999999,0.065513,7.6600719999999995
533,526245,44,2,0.5224745,0.061869,8.447176500000001
534,528696,51,2,0.506559,0.038671,13.2297395
535,539075,35,2,0.5233995,0.0416745,12.5643875
536,545381,14,2,0.524418,0.055023,9.8126185
537,553231,50,2,0.540719,0.0368005,14.694833
538,562197,8,2,0.538227,0.0740815,7.2653695
539,569140,50,2,0.5479305,0.037928500000000004,14.448804500000001
540,572334,57,2,0.5622375,0.0382215,14.712682000000001
541,574112,40,2,0.5660814999999999,0.041564000000000004,13.623134
542,577697,32,2,0.572907,0.046351,12.365013000000001
543,594246,49,2,0.5803865,0.049381,12.227551
544,599584,14,2,0.5748625,0.0753495,7.861002500000001
545,602047,32,2,0.5746805,0.0490275,11.721622
546,602738,1,2,0.5759795,0.5913425,0.9740225
547,603703,59,2,0.590258,0.0534625,11.7565755
548,603968,64,2,0.6160635000000001,0.5398615,1.1533859999999998
549,609610,26,2,0.6502605,0.0558805,11.6283605
550,614717,20,2,0.643211,0.058956499999999995,10.911436
551,621901,61,2,0.5955870000000001,0.0581985,10.779726499999999
552,636386,60,2,0.621981,0.041583999999999996,14.9593205
553,642535,38,2,0.61639,0.0496435,12.425094
554,650686,55,2,0.6343995,0.0413755,15.337093
555,675518,60,2,0.6552045,0.043571,15.057839
556,678305,40,2,0.652613,0.047885,13.628821
557,682790,11,2,0.670347,0.06744549999999999,9.9390835
558,689618,4,2,0.663422,0.173288,3.8284165
559,697700,15,2,0.6796424999999999,0.0851475,8.123622000000001
560,706668,32,2,0.6945334999999999,0.055252499999999996,12.5692305
561,721942,3,2,0.7137305,0.24094300000000002,2.9622235000000003
562,726032,47,2,0.6934675,0.046342999999999995,14.963819
563,730755,26,2,0.717062,0.0643335,11.160885
564,743438,35,2,0.712549,0.0542585,13.1335875
565,756282,48,2,0.7234145000000001,0.054747,13.425299500000001
566,768176,18,2,0.7377745,0.07717850000000001,9.910242499999999
567,809804,3,2,0.7941695,0.2676415,2.9672935000000003
568,810356,56,2,0.7902475,0.049937999999999996,15.8308175
569,812746,17,2,0.8382704999999999,0.07326150000000001,11.4284245
570,821985,7,2,0.788159,0.1217905,6.4714415
571,827122,12,2,0.8066565,0.085236,9.57471
572,828977,15,2,0.793491,0.0781155,10.1734355
573,840350,19,2,0.845002,0.0735625,11.494593
574,862486,1,2,0.8269015,0.8498915,0.9729525000000001
575,864092,16,2,0.8278715,0.07860349999999999,10.532372500000001
576,896148,47,2,0.8580705,0.063332,13.548956
577,897121,60,2,0.8602965,0.0774785,12.115171499999999
578,900944,50,2,0.9309215,0.052822999999999995,17.62295
579,903556,64,2,0.9639139999999999,0.613376,1.5715765
580,905446,32,2,0.8804135,0.072722,12.1552175
581,912699,60,2,0.89424,0.081938,11.687139
582,927523,33,2,0.9444615,0.070244,13.441809
583,951251,45,2,0.9103665000000001,0.0573875,15.8648225
584,952699,48,2,0.9151435,0.0553945,16.5214935
585,958508,48,2,0.9202915,0.0554145,16.6080845
586,962035,39,2,0.922591,0.063944,14.4283365
587,970024,17,2,0.9771810000000001,0.084774,11.5532375
588,980906,25,2,0.9577085000000001,0.08849699999999999,10.8214755
589,994626,25,2,0.9501035,0.083597,11.438934499999998
590,1001754,51,2,0.9800534999999999,0.0585335,16.742466
591,1002543,17,2,0.9572405,0.0882535,10.846575999999999
592,1002780,48,2,0.978945,0.0590775,16.569466499999997
593,1011433,3,2,1.033692,0.34198649999999997,3.0223940000000002
594,1020319,12,2,0.9762275,0.0992195,9.872406
595,1032434,8,2,1.0440475,0.1356565,7.6957235
596,1036695,19,2,0.9985125,0.083452,12.0190995
597,1043076,28,2,0.9966649999999999,0.11579600000000001,9.2018165
598,1067318,43,2,1.02441,0.0666345,15.373486499999999
599,1068161,42,2,1.0304220000000002,0.0669225,15.398908
600,1090365,24,2,1.0893785,0.082829,13.151473
601,1096937,11,2,1.0662815,0.1081405,9.860207500000001
602,1114996,54,2,1.0645685,0.061282500000000004,17.371792499999998
603,1122285,17,2,1.07057,0.093761,11.42774
604,1126140,37,2,1.1485575,0.0765175,14.99924
605,1130992,2,2,1.078181,0.600919,1.7986765
606,1138230,56,2,1.1477575,0.0624475,18.379517999999997
607,1143865,36,2,1.0920670000000001,0.079705,13.701312999999999
608,1185040,4,2,1.131642,0.35784249999999995,3.2008609999999997
609,1198946,54,2,1.2050485000000002,0.066198,18.197842
610,1199471,47,2,1.3473424999999999,0.07067999999999999,19.0410995
611,1199841,38,2,1.7844985,0.0813345,21.949123
612,1201549,9,2,1.146124,0.1929745,6.344488500000001
613,1229370,8,2,1.48604,0.164572,9.005767500000001
614,1268211,20,2,1.2808175,0.09737699999999999,13.145062
615,1285178,54,2,1.3290095,0.0702915,18.913993
616,1298774,13,2,1.247261,0.109899,11.349114
617,1359704,14,2,1.3638315,0.12128549999999999,11.2530265
618,1361002,49,2,1.317194,0.076554,17.206343500000003
619,1367514,31,2,1.306428,0.1018525,12.8281715
620,1388624,35,2,1.324484,0.097284,13.617262
621,1426827,27,2,1.3654994999999999,0.103273,13.525797
622,1431016,35,2,1.5329515,0.1039445,14.790880999999999
623,1432004,38,2,1.369541,0.09957150000000001,13.802221
624,1435894,32,2,1.4880145,0.1128345,13.181074500000001
625,1459027,49,2,1.660693,0.08208399999999999,20.231552
626,1459199,46,2,1.4224175,0.0883285,16.103519
627,1479263,51,2,1.4145015,0.0788845,17.931610499999998
628,1487250,52,2,1.423508,0.0782785,18.186898499999998
629,1522489,50,2,1.4522685,0.0842285,17.2549095
630,1547878,12,2,1.5329975,0.188847,8.587989
631,1563978,44,2,1.5491489999999999,0.0946285,16.379945
632,1584359,44,2,1.5223445,0.092896,16.387430000000002
633,1605881,48,2,1.5328905000000002,0.09022,16.990584499999997
634,1644312,18,2,1.5662915000000002,0.15629949999999998,10.0223035
635,1646771,39,2,1.609723,0.2809485,9.1842595
636,1656233,38,2,1.616071,0.115182,14.0384965
637,1671148,48,2,1.6333905,0.09210750000000001,17.7387395
638,1686604,3,2,1.6609625000000001,0.5784935,2.8711845
639,1700517,37,2,1.687836,0.178036,10.7999145
640,1717983,41,2,1.6517944999999998,0.153175,11.922522
641,1742310,39,2,1.695188,0.2498795,9.961313
642,1746075,43,2,1.7473355,0.132844,13.173890499999999
643,1750835,47,2,1.6913420000000001,0.172412,12.080111
644,1767016,34,2,1.7462945,0.12255150000000001,14.249046
645,1777189,46,2,1.699201,0.106597,15.9784455
646,1783804,17,2,1.9686875,0.2629645,9.1139665
647,1786279,17,2,1.850516,0.141175,13.0987145
648,1797097,17,2,1.718599,0.19973000000000002,9.189446
649,1820150,43,2,1.7577025000000002,0.10719300000000001,16.4027235
650,1873796,31,2,1.890887,0.1478065,12.794654
651,1893204,33,2,1.840702,0.1339345,13.743186999999999
652,1945929,9,2,1.8774375,0.2632155,7.238754
653,1960923,41,2,1.961236,0.11713950000000001,16.752664
654,1980189,14,2,1.9691709999999998,0.198753,9.947054000000001
655,1989633,46,2,1.9624709999999999,0.25366849999999996,7.855819
656,2007613,46,2,1.963927,0.210003,10.179331999999999
657,2076622,26,2,2.078605,0.6135365,3.4811199999999998
658,2081739,41,2,2.1643429999999997,0.3444545,6.294969
659,2131612,52,2,2.233107,0.2014915,14.067434
660,2157461,18,2,2.0591239999999997,0.15913149999999998,12.941886499999999
661,2157865,18,2,2.0731075,0.215022,9.691524999999999
662,2191874,12,2,2.149381,0.5047280000000001,4.35624
663,2200776,4,2,2.1025549999999997,0.6447674999999999,3.2665195000000002
664,2204293,16,2,2.107336,0.300149,8.390124
665,2210487,32,2,2.1451085,0.477769,4.494101
666,2223733,30,2,2.1681075,0.19456299999999999,11.21098
667,2223805,53,2,2.2396645,0.332689,7.0230635
668,2233795,45,2,2.2851955,0.31459550000000003,7.3570145
669,2241529,51,2,2.206672,0.6508149999999999,3.6618315
670,2264206,19,2,2.2291575,0.3152345,7.0773835
671,2305532,2,2,2.2123679999999997,1.225668,1.8050215
672,2330235,16,2,2.2256135,0.392789,5.8873940000000005
673,2387838,8,2,2.341023,0.6796225,3.4481505
674,2457743,59,2,2.3977329999999997,0.6035619999999999,3.978828
675,2470873,20,2,2.6585005,0.5437095000000001,5.083852
676,2509468,60,2,2.4976665000000002,0.6075515,4.137309
677,2547194,55,2,2.599159,0.5530595,4.700536
678,2553736,42,2,2.4480755,0.5101525,4.834861
679,2571306,55,2,2.4488700000000003,0.6835694999999999,3.7515709999999998
680,2574955,5,2,2.6146770000000004,0.8057125,3.2458235
681,2586165,8,2,2.866387,0.5967480000000001,4.789294
682,2615301,37,2,2.5783155,0.7095035000000001,3.6418415
683,2698731,44,2,2.6491420000000003,0.665046,3.9943334999999998
684,2731951,53,2,2.854351,0.8479515,3.450606
685,2746923,33,2,2.694273,0.8286495,3.251502
686,2752446,62,2,2.8792105,0.8656695000000001,3.330456
687,2876230,16,2,2.7850095,0.8440225,3.331658
688,2915705,47,2,2.8810255,0.9863424999999999,2.933971
689,2943323,45,2,2.9002784999999998,0.6625145,10.292525
690,2965258,44,2,2.9064745,0.828076,3.5096515
691,2985824,30,2,2.9368035,1.0176335,2.8901345000000003
692,2987645,34,2,2.9327835,0.8805585,3.3308895
693,2994661,42,2,2.953703,0.847308,3.485988
694,3021229,39,2,2.896968,1.0638725,2.72377
695,3033347,3,2,2.981842,1.561331,1.910039
696,3134714,46,2,3.104055,1.1763504999999999,2.6388585
697,3166832,32,2,3.105616,1.1058215,2.8095065000000004
698,3178913,11,2,3.2190564999999998,0.6610085,6.3419625
699,3276959,60,2,3.3090935000000004,1.0386475,3.568095
700,3289580,8,2,3.6595005,0.9059865,4.148683
701,3347341,55,2,3.302862,1.3877964999999999,2.3801965
702,3348017,45,2,3.7979385,1.2734345,3.085997
703,3355052,12,2,3.696373,0.9522225,4.9967875
704,3364454,11,2,3.6249685,1.4426649999999999,2.62099
705,3391635,32,2,3.4184525,1.2917585,2.646332
706,3393260,30,2,3.383478,0.819396,4.6488055
707,3490007,17,2,3.8495445000000004,0.981525,4.030994
708,3512172,28,2,3.8555185,0.7977755,5.000676
709,3540264,19,2,3.7640905,0.541412,7.191762499999999
710,3721762,23,2,20.984041,3.8568694999999997,24.409633999999997
711,3751317,4,2,21.754494,8.9405515,2.4280144999999997
712,3817745,18,2,22.824689,8.1661865,2.791903
713,3822457,4,2,25.1967395,10.000397,2.51958
714,3909486,6,2,24.7875265,9.3920075,2.6486185
715,3915499,1,2,27.027796000000002,35.175855999999996,0.768374
716,3922348,26,2,25.416814000000002,8.3554325,3.076482
717,3923445,39,2,15.6206935,6.400874,2.4017245000000003
718,3967729,39,2,24.646986000000002,4.2877295,6.073394
719,4001290,53,2,22.3116645,5.4688485,9.099532
720,4014590,12,2,16.768828,7.211225499999999,3.478378
721,4061794,48,2,21.2461135,4.5825059999999995,5.467655000000001
722,4210021,29,2,22.5236905,1.582597,18.5043135
723,4212164,40,2,19.774577,8.077088,2.4918535
724,4264440,15,2,10.775473,1.5605035,7.150082
725,4284833,10,2,23.9887785,11.189745,2.2448945
726,4414729,12,2,16.519339000000002,1.6256025,10.4299075
727,4419960,32,2,12.481362,9.4745815,1.266612
728,4446689,63,2,14.116505499999999,5.2360305,3.1563775
729,4475626,2,2,13.70698,11.611474000000001,1.4605795
730,4529729,49,2,15.738402,6.834629,2.2161655000000002
731,4597700,41,2,23.794999,2.3848675,9.9842105
732,4622937,29,2,15.629985999999999,0.9972715000000001,14.668535000000002
733,4725270,39,2,9.988951,6.05362,2.1247565
734,4729282,11,2,11.831031,7.4054055000000005,1.48479
735,4744829,29,2,13.81315,5.47323,2.319935
736,4763655,1,2,15.264413000000001,17.181596499999998,1.3284585
737,4842228,56,2,10.9846825,4.741794,4.4726335
738,4882435,60,2,10.285795499999999,4.9623675,2.8984769999999997
739,4936890,57,2,10.989738,1.8799044999999999,7.3437175
740,4980405,6,2,17.776713,4.735084499999999,5.261432
741,4988414,62,2,9.546350499999999,4.8230965,2.3635615000000003
742,4998893,32,2,11.059765500000001,3.852889,3.363551
743,5017352,41,2,8.902881,3.617731,4.2916300000000005
744,5035343,25,2,9.9196835,1.592922,6.5718785
745,5043271,63,2,5.439638,3.7500955,1.4505295
746,5082386,13,2,9.0605335,1.3263995,6.829356499999999
747,5224426,41,2,7.343191,1.9131140000000002,3.85144
748,5317305,10,2,6.9245645,2.1080685,3.2946995
749,5346783,16,2,7.432506500000001,1.478216,5.0257385
750,5373783,62,2,8.7719025,2.8428095,3.1004755
751,5400188,12,2,6.3674215,1.3071845,4.8678915
752,5545372,59,2,6.0757425000000005,2.1435425,2.976362
753,5754869,39,2,6.4907635,1.639812,4.063763
754,6007751,54,2,6.62513,2.20625,3.0028930000000003
755,6046775,56,2,6.8308254999999996,1.7344395,4.2412725
756,6052691,62,2,7.469298,1.986374,3.770838
757,6068417,57,2,6.186204,2.0275,3.2699015000000005
758,6092876,7,2,7.065599000000001,1.8271065000000002,3.870291
759,6285442,43,2,6.399249,1.757954,3.6399835
760,6286148,50,2,6.914944,1.47755,6.809425
761,6401537,62,2,6.6812535,2.6617290000000002,2.5519645000000004
762,6466300,40,2,7.10822,2.076044,3.5025285000000004
763,6556542,30,2,7.3169085,2.077964,3.5212944999999998
764,6586895,57,2,7.1466525,2.0983055,3.420421
765,6600966,53,2,7.053549,2.5050594999999998,2.8121225
766,6681712,60,2,6.7025155000000005,2.5205314999999997,2.7114390000000004
767,6683278,46,2,7.059801,2.076768,3.5387925
768,6766015,11,2,6.854158,1.910904,3.6182179999999997
769,6771947,58,2,6.871107,2.3385465,3.004579
770,6970119,37,2,7.1106005,1.9894290000000001,3.6377735
771,7049609,48,2,7.824663,2.5000355,3.1752255
772,7073238,59,2,7.3716525,2.351586,3.1426205
773,7239999,3,2,7.4821349999999995,3.4046469999999998,2.1976845000000003
774,7494319,29,2,8.131896999999999,2.070288,3.9914005
775,7534359,29,2,8.0886685,2.5743175000000003,3.142042
776,7605545,53,2,54.0484865,6.785293,10.2103445
777,7682146,57,2,50.9788865,12.775772,4.019826
778,7730233,12,2,49.467903,13.2729225,3.726205
779,7864154,33,2,55.1260095,9.254938,5.9639325
780,7940839,34,2,42.344883499999995,9.118901000000001,4.6168835
781,7975354,17,2,42.119724000000005,11.7880735,3.482551
782,8122111,46,2,42.278509,13.374051000000001,6.7356370000000005
783,8176722,9,2,45.2271545,10.154997999999999,4.0844205
784,8348154,41,2,20.4848135,7.2612485,3.147179
785,8510601,57,2,19.710948,9.9291815,2.026849
786,8688300,46,2,44.1968725,6.8623205,9.040838
787,8867845,15,2,20.415756000000002,3.220251,6.253470999999999
788,9057926,36,2,36.71763,12.341262500000001,3.5102405
789,9087239,4,2,20.125324999999997,11.2901335,1.8055724999999998
790,9112682,47,2,26.282705,4.9685055,6.414365
791,9158602,34,2,25.718507000000002,11.474378,2.350111
792,9197993,33,2,21.74355,7.3142154999999995,3.0277635
793,9274213,14,2,21.625796,7.809984999999999,3.1307799999999997
794,9307136,25,2,17.5670145,4.890102000000001,4.35428
795,9320530,23,2,19.006950500000002,5.424139,4.150174
796,9762696,29,2,14.7630325,3.0254125,4.895996
797,9774325,58,2,13.115842,3.828646,3.5723915
798,9821230,18,2,12.527142999999999,2.7994735,4.89849
799,9885821,9,2,10.596939500000001,3.3620479999999997,3.1586395
800,9959681,13,2,10.879071,2.0763759999999998,5.243809499999999
801,9964773,52,2,11.2024705,3.0779825,3.6384265
802,9995137,48,2,10.630902500000001,2.5528765,4.2100185
803,10032064,46,2,10.395333,2.87129,3.6212515
804,10306185,38,2,10.91665,2.683386,4.077824
805,10342285,10,2,10.2010735,2.7216810000000002,3.758166
806,10432882,32,2,10.755699,2.377295,4.523429999999999
807,10441615,31,2,10.5589185,2.7990825,3.772944
808,10595417,16,2,11.177081999999999,2.465377,4.5292735
809,10621585,25,2,10.4151875,2.818778,3.7179155
810,10697863,21,2,10.553873,2.408515,4.496994
811,11289118,42,2,11.929685,2.9183725000000003,4.0887415
812,11333897,11,2,11.5553855,3.0438669999999997,3.796602
813,11371168,41,2,11.7116255,2.9329395,3.995927
814,11601998,47,2,11.731503,3.1439355,3.735016
815,11608688,4,2,52.085720499999994,11.826236000000002,6.530739499999999
816,11801390,60,2,75.1583875,11.9482915,6.3230015
817,11809556,12,2,77.5383755,16.7823435,4.6308995
818,11999374,27,2,57.251504999999995,9.690503,5.795500499999999
819,12017657,62,2,117.076875,14.0735595,8.124379
820,12025848,51,2,84.62807749999999,16.0072895,17.757137
821,12129543,15,2,56.064399,14.8010855,9.271101999999999
822,12515024,38,2,56.1717195,9.114265,9.697801
823,12990356,33,2,42.7756725,8.273473,6.380161
824,13180013,3,2,43.459661499999996,31.595235,1.3894595
825,13566007,24,2,45.9274575,8.818894,7.0204755
826,13701670,46,2,36.241227499999994,14.906573999999999,2.4302785
827,13778622,40,2,42.7326695,10.343193,4.127377
828,13846569,14,2,23.887211999999998,6.942729999999999,3.5148105
829,13850982,14,2,17.686756,5.915119000000001,3.1214055
830,13921899,46,2,18.341729,2.689325,7.3750035
831,14022406,59,2,14.9218405,4.0413385,3.720418
832,14039060,11,2,14.745900500000001,3.40444,4.3608715
833,14127201,33,2,14.310506499999999,3.0794354999999998,4.667928
834,14204873,27,2,18.6949125,2.8702515,6.6091385
835,14446007,25,2,14.748611499999999,2.936065,5.0215155
836,14477485,24,2,15.141335999999999,2.6944,5.6232865
837,14488034,58,2,14.3106035,3.5945425,3.991211
838,14514755,34,2,14.3418375,3.095907,4.668755
839,14641994,35,2,14.8738075,3.5111410000000003,4.240107
840,15360203,63,2,15.653102,4.20824,3.72246
841,15423775,10,2,15.8555025,3.9622604999999997,4.0037545
842,15532339,49,2,46.750932,3.970228,11.5518745
843,15598669,61,2,93.850562,13.292941500000001,7.0469225
844,15663838,9,2,91.44792,20.176433,4.5611505
845,15715041,59,2,119.42979,18.1734845,6.351343
846,15742470,19,2,85.19012599999999,5.9088905,14.022357
847,15869361,53,2,77.94485,12.206033999999999,6.416574000000001
848,16730924,22,2,65.8450495,16.013744,4.1121685
849,16761891,57,2,64.491837,11.278468,7.6814185
850,16814151,62,2,57.693368,10.511867500000001,7.2253490000000005
851,16859910,9,2,54.851021,6.557288,8.759807499999999
852,16917769,20,2,40.438190500000005,12.570450000000001,3.275954
853,16967890,36,2,31.2979165,10.919529,2.8740365
854,17382431,2,2,24.9635335,15.274004000000001,1.639612
855,17503033,24,2,23.331012,4.7735525,5.3829015
856,17881354,27,2,19.129629,4.904021999999999,3.8982210000000004
857,17915193,49,2,17.9296665,4.5874025,3.913107
858,18154005,14,2,19.799109,4.673116,4.3191125
859,18157420,37,2,18.5124845,4.6210615,4.0128195
860,18296870,45,2,19.2701105,4.838844,3.9794635
861,18826837,28,2,19.247524499999997,4.430730499999999,4.3828185
862,18924242,53,2,18.930522500000002,5.019126,3.7716570000000003
863,19391432,60,2,20.4891835,5.345537,3.841998
864,19466998,26,2,20.3586025,4.444583,4.593054
865,19754115,40,2,123.689214,20.91141,5.931001
866,20102661,37,2,137.3605245,19.448151,7.627597
867,20606759,52,2,153.460553,39.0277285,7.686947
868,20711922,7,2,56.8295535,26.7330735,2.1390255000000002
869,20901534,35,2,73.686009,11.060071,6.9975565
870,21109406,44,2,64.2681855,10.664003000000001,6.257210499999999
871,21416753,7,2,52.68979950000001,21.1710025,3.4453454999999997
872,21606863,15,2,45.028650999999996,12.435132,4.4646515
873,21721906,28,2,34.9834395,6.4657800000000005,5.471332
874,21826326,18,2,26.6518925,6.021015,4.592268
875,22546231,40,2,23.444046,4.381085000000001,5.354499000000001
876,22831406,38,2,26.448702,4.2308555000000005,6.2533525
877,22912718,7,2,26.891066,7.314829,3.6794725
878,23319283,31,2,23.6517345,5.386044999999999,4.391731
879,23568557,33,2,23.1430815,4.9759625,4.701776000000001
880,23569116,55,2,23.281562,5.5870955,4.1671265
881,23580525,53,2,23.4125655,5.076646500000001,4.636533
882,23719860,25,2,89.489996,10.7747825,6.98962
883,23817963,46,2,148.0376645,16.6373185,8.895981
884,23996812,35,2,153.334947,12.6556935,13.0573275
885,24065755,41,2,109.011401,35.3011125,3.7232979999999998
886,24084127,17,2,116.1496595,33.711442500000004,3.8076095
887,24160506,62,2,88.29965949999999,10.620491000000001,8.804647
888,24308016,58,2,71.9261915,16.0855985,5.038491
889,25237406,57,2,63.522132,14.242588000000001,4.6519245
890,25351671,25,2,39.548337000000004,11.9528475,3.3096145000000003
891,25402638,56,2,28.736244999999997,6.444154,4.5026530000000005
892,25717679,39,2,26.364275,5.0345189999999995,5.3378285000000005
893,26105830,6,2,25.8041025,7.2067425,3.5918954999999997
894,26319559,33,2,27.9445285,5.0864315,5.578327
895,26473806,45,2,26.035452999999997,4.894718,5.4839225
896,26506170,1,2,28.5359325,26.8924865,1.061131
897,27194727,57,2,109.4836805,6.6851465,16.6905455
898,27527318,28,2,168.6414115,22.291141500000002,7.7947875
899,27749939,25,2,215.4156185,11.740475,21.2212945
900,27822793,10,2,108.447176,21.633292,5.020424500000001
901,28371728,3,2,86.265376,30.129234500000003,3.377404
902,28958934,52,2,61.797967,15.957658,3.8773850000000003
903,29251594,54,2,44.814848,11.1058705,4.2225955
904,29254471,50,2,34.771671999999995,8.5905315,4.0511495
905,29394524,37,2,30.688671,5.7287479999999995,5.418077
906,29755548,25,2,29.6986165,5.906714,5.02797
907,30058876,20,2,29.598402999999998,6.292989,4.7164095
908,30060126,10,2,29.7230955,7.327077,4.056501
909,31134571,28,2,31.411657,6.5622264999999995,4.8032325
910,31242333,19,2,139.1664945,10.400065999999999,11.0148435
911,31430919,9,2,204.604388,35.4276835,5.753335
912,31726576,59,2,162.398659,9.442191,18.7476895
913,31805176,2,2,108.9414005,76.90974750000001,1.4171725
914,32176307,10,2,86.0583585,17.929883,4.797369
915,32248871,56,2,53.5137735,14.014494,3.8249060000000004
916,32543067,64,2,41.463597,9.733365500000001,4.236096
917,33161093,27,2,47.495984500000006,7.628714499999999,6.270026
918,33614332,42,2,33.3958565,7.1505415,4.6725515
919,33723787,8,2,34.371207999999996,7.932978,4.331037
920,33793176,4,2,33.343967000000006,11.189348,2.980041
921,33947339,2,2,153.704689,63.086909999999996,2.8267059999999997
922,34188929,61,2,199.2721175,15.4923435,12.7117945
923,34930114,53,2,163.016382,11.146847000000001,14.626064
924,36555298,50,2,119.23475450000001,15.3837595,9.051194500000001
925,36602903,54,2,95.534616,17.2982965,5.640752
926,36784767,38,2,71.6163555,13.928436999999999,5.161808
927,37140831,20,2,44.4038825,11.577164,3.8972809999999996
928,37401301,34,2,37.692013,8.901400500000001,4.2589765
929,37457094,52,2,37.666646,7.704994,5.1609335000000005
930,37584783,23,2,47.701260000000005,6.7431564999999996,7.1666925
931,37713189,12,2,66.0929055,9.165631000000001,7.056513499999999
932,37832889,2,2,126.485658,88.85737800000001,1.3696525
933,37855575,38,2,132.9897455,20.649789499999997,6.604262
934,39703663,24,2,147.022165,24.5683975,5.982473
935,39735503,35,2,118.273383,26.9463535,6.123031
936,39813016,36,2,118.334615,14.282277500000001,9.081334
937,39906308,40,2,50.885666,10.1711095,5.0981085
938,40872251,20,2,43.1709195,11.407869999999999,3.7842685
939,41795388,41,2,104.944883,9.233171,11.366072
940,43950518,38,2,64.546733,8.152692,7.917229
941,44031464,2,2,48.883907,26.971052,1.812458
942,44103299,32,2,46.945832,11.242799,4.175636
943,44495643,15,2,47.326469,13.698294,3.454917
944,45172784,45,2,45.886025,10.484949,4.376371
945,47243648,12,2,46.390361,11.623665,3.991027
946,47350239,39,2,47.077162,12.324559,3.819785
947,47985064,29,2,52.250116,10.967907,4.763909
948,48144856,48,2,173.031873,22.532255,7.679297
949,49127139,28,2,144.158868,25.037101,5.757810
950,50863126,12,2,289.772082,63.945689,4.531534
951,52198308,10,2,223.829734,34.333133,6.519351
952,52360407,49,2,203.139602,66.328235,3.062641
953,53327368,63,2,199.081813,16.478055,12.081633
954,55391476,27,2,172.441276,13.160030,13.103411
955,55410180,12,2,148.182244,34.452479,4.301062
956,56289886,32,2,81.764551,11.883209,6.880680
957,56928263,61,2,63.500194,9.013893,7.044702
958,59012263,9,2,60.733299,13.259058,4.580514
959,59090454,25,2,58.318547,9.122469,6.392847
960,61063935,33,2,63.602559,9.415547,6.755057
961,61301168,47,2,60.139832,9.998543,6.014860
962,62285816,62,2,95.958471,9.766203,9.825566
963,62393203,58,2,240.293579,21.748259,11.048865
964,62690251,38,2,217.127769,26.457375,8.206701
965,62979305,40,2,306.646420,26.830912,11.428848
966,63247050,4,2,226.692021,101.432066,2.234915
967,64236978,25,2,189.815686,35.300271,5.377174
968,64496449,53,2,144.705073,27.752832,5.214065
969,64874596,21,2,118.876626,24.544851,4.843241
970,65884940,51,2,89.470792,14.963347,5.979330
971,68233475,30,2,70.401138,14.071528,5.003091
972,68436248,38,2,67.336883,15.058431,4.471706
973,69056224,58,2,71.425025,8.824696,8.093766
974,69878276,31,2,69.668377,10.178341,6.844767
975,70454501,57,2,195.446942,14.347473,13.622395
976,70465011,19,2,165.791394,34.389731,4.820956
977,70602087,23,2,413.416899,17.033699,24.270529
978,72545345,62,2,251.401145,35.510775,7.079574
979,72888713,17,2,266.729252,48.234199,5.529878
980,73068571,46,2,223.549388,43.740695,5.110787
981,74226927,10,2,167.525539,40.047709,4.183149
982,74732378,5,2,103.830316,40.468191,2.565727
983,75133402,37,2,78.663404,14.445452,5.445548
984,76716359,40,2,75.961313,17.255158,4.402238
985,78940144,21,2,77.898442,14.927762,5.218360
986,79827153,44,2,78.469477,9.284666,8.451513
987,82462105,24,2,287.493711,33.335805,8.624172
988,83206413,21,2,484.781131,21.295333,22.764666
989,83986537,7,2,406.875001,95.668268,4.252978
990,84079092,48,2,327.656627,27.947357,11.724065
991,84194627,58,2,218.561047,21.647397,10.096412
992,84837608,30,2,131.543969,21.602653,6.089251
993,85927444,36,2,94.686585,14.822179,6.388169
994,87038781,3,2,86.625073,35.609854,2.432615
995,87973374,3,2,184.636123,43.692279,4.225830
996,88728965,46,2,208.719881,32.238505,6.474242
997,91423191,46,2,456.004213,32.098702,14.206313
998,92325702,45,2,433.008199,37.637904,11.504578
999,95281654,52,2,284.773465,48.217985,5.905959
1000,97283652,15,2,188.708434,42.578055,4.432059
